-- phpMyAdmin SQL Dump
-- version 4.9.0.1
-- https://www.phpmyadmin.net/
--
-- Host: 127.0.0.1:3306
-- Generation Time: Oct 30, 2019 at 12:01 AM
-- Server version: 5.7.25
-- PHP Version: 7.3.9

SET SQL_MODE = "NO_AUTO_VALUE_ON_ZERO";
SET AUTOCOMMIT = 0;
START TRANSACTION;
SET time_zone = "+00:00";


/*!40101 SET @OLD_CHARACTER_SET_CLIENT=@@CHARACTER_SET_CLIENT */;
/*!40101 SET @OLD_CHARACTER_SET_RESULTS=@@CHARACTER_SET_RESULTS */;
/*!40101 SET @OLD_COLLATION_CONNECTION=@@COLLATION_CONNECTION */;
/*!40101 SET NAMES utf8mb4 */;

--
-- Database: `kouli`
--

-- --------------------------------------------------------

--
-- Table structure for table `blog_author`
--

CREATE TABLE `blog_author` (
  `id` int(11) NOT NULL,
  `alias` varchar(55) NOT NULL
) ENGINE=InnoDB DEFAULT CHARSET=utf8;

--
-- Dumping data for table `blog_author`
--

INSERT INTO `blog_author` (`id`, `alias`) VALUES
(1, 'irina-gribinyuk');

-- --------------------------------------------------------

--
-- Table structure for table `blog_author_lang`
--

CREATE TABLE `blog_author_lang` (
  `id` int(11) NOT NULL,
  `record_id` int(11) NOT NULL,
  `lang` varchar(5) NOT NULL,
  `name` varchar(55) NOT NULL
) ENGINE=InnoDB DEFAULT CHARSET=utf8;

--
-- Dumping data for table `blog_author_lang`
--

INSERT INTO `blog_author_lang` (`id`, `record_id`, `lang`, `name`) VALUES
(1, 1, 'ru-RU', 'Ирина Грибинюк');

-- --------------------------------------------------------

--
-- Table structure for table `blog_category`
--

CREATE TABLE `blog_category` (
  `id` int(11) NOT NULL,
  `alias` varchar(55) NOT NULL,
  `status` smallint(6) NOT NULL DEFAULT '1',
  `icon` varchar(255) DEFAULT NULL,
  `position` int(11) NOT NULL DEFAULT '99'
) ENGINE=InnoDB DEFAULT CHARSET=utf8;

--
-- Dumping data for table `blog_category`
--

INSERT INTO `blog_category` (`id`, `alias`, `status`, `icon`, `position`) VALUES
(1, 'glavnoe-o-metodike', 1, '', 99),
(2, 'glavnoe-o-metodike-2', 1, NULL, 99),
(3, 'glavnoe-o-metodike-3', 0, NULL, 99);

-- --------------------------------------------------------

--
-- Table structure for table `blog_category_lang`
--

CREATE TABLE `blog_category_lang` (
  `id` int(11) NOT NULL,
  `record_id` int(11) NOT NULL,
  `lang` varchar(5) NOT NULL,
  `title` varchar(55) NOT NULL
) ENGINE=InnoDB DEFAULT CHARSET=utf8;

--
-- Dumping data for table `blog_category_lang`
--

INSERT INTO `blog_category_lang` (`id`, `record_id`, `lang`, `title`) VALUES
(1, 1, 'ru-RU', 'Главное о методике'),
(2, 2, 'ru-RU', 'Главное о методике 2'),
(3, 3, 'ru-RU', 'Главное о методике 3');

-- --------------------------------------------------------

--
-- Table structure for table `blog_item`
--

CREATE TABLE `blog_item` (
  `id` int(11) NOT NULL,
  `category_id` int(11) NOT NULL,
  `author_id` int(11) NOT NULL,
  `alias` varchar(128) NOT NULL,
  `image` varchar(255) DEFAULT NULL,
  `preview_image` varchar(255) DEFAULT NULL,
  `status` smallint(6) NOT NULL DEFAULT '1',
  `published_at` int(11) NOT NULL DEFAULT '0',
  `created_at` int(11) NOT NULL DEFAULT '0',
  `updated_at` int(11) NOT NULL DEFAULT '0',
  `date` int(11) NOT NULL DEFAULT '0',
  `views` int(11) NOT NULL DEFAULT '0',
  `likes` int(11) NOT NULL DEFAULT '0',
  `ratio` float NOT NULL DEFAULT '0',
  `small_image` varchar(255) DEFAULT NULL,
  `actual` tinyint(4) NOT NULL
) ENGINE=InnoDB DEFAULT CHARSET=utf8;

--
-- Dumping data for table `blog_item`
--

INSERT INTO `blog_item` (`id`, `category_id`, `author_id`, `alias`, `image`, `preview_image`, `status`, `published_at`, `created_at`, `updated_at`, `date`, `views`, `likes`, `ratio`, `small_image`, `actual`) VALUES
(1, 1, 1, 'istoriya-kouli', NULL, '/uploads/common/post_1.jpg', 1, 1570073400, 1571485692, 1572027477, 1571691600, 50, 0, 0, NULL, 0),
(2, 1, 1, 'aktualnoe-1', NULL, '/uploads/common/post_1.jpg', 1, 1571473800, 1571497727, 1572027475, 0, 7, 0, 0, NULL, 1),
(3, 1, 1, 'aktualnoe-2', NULL, '/uploads/common/post_1.jpg', 1, 1571473800, 1571497751, 1571502762, 0, 1, 0, 0, NULL, 1),
(4, 1, 1, 'aktualnoe-3', NULL, '/uploads/common/post_1.jpg', 1, 1572089700, 1571497771, 1571497771, 0, 0, 0, 0, NULL, 1),
(5, 1, 1, 'post-1', NULL, '/uploads/common/post_1.jpg', 1, 1571473800, 1571497811, 1571582777, 0, 2, 0, 0, NULL, 0),
(6, 1, 1, 'post-2', NULL, '/uploads/common/post_1.jpg', 1, 1571473800, 1571497832, 1571582772, 0, 7, 0, 0, NULL, 0),
(7, 1, 1, 'post-3', NULL, '/uploads/common/post_1.jpg', 1, 1571473800, 1571497852, 1571582770, 0, 2, 0, 0, NULL, 0),
(8, 1, 1, 'post-4', NULL, '/uploads/common/post_1.jpg', 1, 1571473800, 1571497871, 1571582767, 0, 2, 0, 0, NULL, 0),
(9, 1, 1, 'post-6', NULL, '/uploads/common/post_1.jpg', 1, 1571473800, 1571497892, 1571582765, 0, 2, 0, 0, NULL, 0),
(10, 1, 1, 'post-5', NULL, '/uploads/common/post_1.jpg', 1, 1571473800, 1571497913, 1571582762, 0, 3, 0, 0, NULL, 0);

-- --------------------------------------------------------

--
-- Table structure for table `blog_item_lang`
--

CREATE TABLE `blog_item_lang` (
  `id` int(11) NOT NULL,
  `record_id` int(11) NOT NULL,
  `lang` varchar(5) NOT NULL,
  `title` varchar(55) NOT NULL,
  `short_description` text NOT NULL,
  `text` text NOT NULL
) ENGINE=InnoDB DEFAULT CHARSET=utf8;

--
-- Dumping data for table `blog_item_lang`
--

INSERT INTO `blog_item_lang` (`id`, `record_id`, `lang`, `title`, `short_description`, `text`) VALUES
(1, 1, 'ru-RU', 'История КОУЛИ', 'Я горжусь тем, что смогла пройти достойно свое\r\n                        жизненное испытание и так круто повернуть свою жизнь...', '<h2>Почему?</h2>\r\n<p>В юношеском возрасте я и представить не могла, что создам свою собственную оздоровительную систему КОУЛИ. Мои мечты сводились к тому, чтобы стать художником и модельером: создавать серию модной одежды и аксессуаров к ней. Одна из моих мечт сбылась. Я работала художником в мастерской, модельером не стала. Зато побыла преподавателем по кройке и шитью в старших классах (мне тогда было 18 лет). Но в свободное время до сих пор шью одежду для себя и близких. Все мы знаем, что иногда жизнь совсем непредсказуема. И моя жизнь не стала тому исключением. Вот мне, 23 года и по врачебной ошибке у меня серьёзное заражение крови, которое могло привести к летальному исходу. Я думала, что вот и пришел мой конец. Позади учеба, работа, друзья и моя маленькая дочь. Никто не верил в чудо. Все специалисты твердили, что мне точно конец. И если бы я сдалась, если бы \"забила\" на себя и сложила ручки, то всё закончилось именно так. Мне поставили диагноз рак крови. Тогда мало кто знал, как лечить рак. И не было шансов на чудо. Но в такие трудные минуты, когда кровь безостановочно кипит словно раскалённая смола внутри тебя, температура не падает ниже 38,5, антибиотики 5-го и 6-го резерва/поколения не помогают, ты практически не спишь и не ешь, то ты пытаешься ухватиться в последние миги жизни за что-то радующее тебя. На тот период мне удалось приобрести 3 книги, которые связывают меня с прошлым, в котором рак крови позади и настоящим, в котором меня знают, как разработчика оздоровительной системы КОУЛИ. Они имеют вот такие названия:\r\n</p>\r\n<h3>Что это даст?</h3>\r\n<ul>\r\n	<li>Повысит сопротивляемость организма к психологическим и физическим стрессам, а также эмоциональным нагрузкам;</li>\r\n	<li>Улучшит физическое и эмоциональное здоровье;</li>\r\n	<li>Увеличит работоспособность;</li>\r\n</ul>\r\n<h2>Литература</h2>\r\n<p><img><img src=\"/uploads/page/5dac6d9b08691.jpg\" data-image=\"5dac6d9b08691.jpg\">\r\n</p>\r\n<ol>\r\n	<li>Гаваа Лувсан. Очерки методов восточной рефлексотерапии</li>\r\n	<li>Г.П. Малахов. Создание собственной системы оздоровления</li>\r\n	<li>Жак де Лангр. До-Ин. Искусство омоложения посредством самомассажа и дыхательных упражнений</li>\r\n</ol>\r\n<h3>Еще немного информации</h3>\r\n<p>В юношеском возрасте я и представить не могла, что создам свою собственную оздоровительную систему КОУЛИ. Мои мечты сводились к тому, чтобы стать художником и модельером: создавать серию модной одежды и аксессуаров к ней. Одна из моих мечт сбылась. Я работала художником в мастерской, модельером не стала. Зато побыла преподавателем по кройке и шитью в старших классах (мне тогда было 18 лет). Но в свободное время до сих пор шью одежду для себя и близких.\r\n</p>\r\n<p>Все мы знаем, что иногда жизнь совсем непредсказуема. И моя жизнь не стала тому исключением. Вот мне, 23 года и по врачебной ошибке у меня серьёзное заражение крови, которое могло привести к летальному исходу. Я думала, что вот и пришел мой конец. Позади учеба, работа, друзья и моя маленькая дочь. Никто не верил в чудо. Все <a href=\"##\">специалисты</a> твердили, что мне точно конец. И если бы я сдалась, если бы \"забила\" на себя и сложила ручки, то всё закончилось именно так.\r\n</p>\r\n<p>Мне поставили диагноз рак крови. Тогда мало кто знал, как лечить рак. И не было шансов на чудо. Но в такие трудные минуты, когда кровь безостановочно кипит словно раскалённая смола внутри тебя, температура не падает ниже 38,5, антибиотики 5-го и 6-го резерва/поколения не помогают, ты практически не спишь и не ешь, то ты пытаешься ухватиться в последние миги жизни за что-то радующее тебя. На тот период мне удалось приобрести 3 книги, которые связывают меня с прошлым, в котором рак крови позади и настоящим, в котором меня знают, как разработчика оздоровительной системы <strong>КОУЛИ</strong>. Они имеют вот такие названия:\r\n</p>'),
(2, 2, 'ru-RU', 'Актуальное 1', 'Актуальное', '<h2>Актуальное</h2>'),
(3, 3, 'ru-RU', 'Актуальное 2', 'Актуальное', '<h2>Актуальное</h2>'),
(4, 4, 'ru-RU', 'Актуальное 3', 'Актуальное', '<h2>Актуальное</h2>'),
(5, 5, 'ru-RU', 'Пост 1', 'Пост', '<p>Пост</p>'),
(6, 6, 'ru-RU', 'Пост 2', 'Пост', '<p>Пост</p>'),
(7, 7, 'ru-RU', 'Пост 3', 'Пост', '<p>Пост</p>'),
(8, 8, 'ru-RU', 'Пост 4', 'Пост', '<p>Пост</p>'),
(9, 9, 'ru-RU', 'Пост 6', 'Пост', '<p>Пост</p>'),
(10, 10, 'ru-RU', 'Пост 5', 'Пост', '<p>Пост</p>');

-- --------------------------------------------------------

--
-- Table structure for table `blog_item_like`
--

CREATE TABLE `blog_item_like` (
  `id` int(11) NOT NULL,
  `user_id` int(11) NOT NULL,
  `item_id` int(11) NOT NULL,
  `created_at` int(11) NOT NULL DEFAULT '0'
) ENGINE=InnoDB DEFAULT CHARSET=utf8;

-- --------------------------------------------------------

--
-- Table structure for table `blog_item_ratio`
--

CREATE TABLE `blog_item_ratio` (
  `id` int(11) NOT NULL,
  `user_id` int(11) NOT NULL,
  `item_id` int(11) NOT NULL,
  `ratio` smallint(6) NOT NULL,
  `created_at` int(11) NOT NULL DEFAULT '0'
) ENGINE=InnoDB DEFAULT CHARSET=utf8;

-- --------------------------------------------------------

--
-- Table structure for table `blog_item_tag`
--

CREATE TABLE `blog_item_tag` (
  `id` int(11) NOT NULL,
  `item_id` int(11) NOT NULL,
  `tag_id` int(11) NOT NULL
) ENGINE=InnoDB DEFAULT CHARSET=utf8;

-- --------------------------------------------------------

--
-- Table structure for table `blog_tag`
--

CREATE TABLE `blog_tag` (
  `id` int(11) NOT NULL,
  `alias` varchar(55) NOT NULL
) ENGINE=InnoDB DEFAULT CHARSET=utf8;

-- --------------------------------------------------------

--
-- Table structure for table `blog_tag_lang`
--

CREATE TABLE `blog_tag_lang` (
  `id` int(11) NOT NULL,
  `record_id` int(11) NOT NULL,
  `lang` varchar(5) NOT NULL,
  `title` varchar(55) NOT NULL
) ENGINE=InnoDB DEFAULT CHARSET=utf8;

-- --------------------------------------------------------

--
-- Table structure for table `emails`
--

CREATE TABLE `emails` (
  `id` int(11) NOT NULL,
  `email` varchar(50) COLLATE utf8mb4_unicode_ci DEFAULT NULL,
  `updated_at` int(11) DEFAULT NULL,
  `created_at` int(11) DEFAULT NULL,
  `status` smallint(6) DEFAULT '1',
  `position` smallint(6) DEFAULT '1'
) ENGINE=InnoDB DEFAULT CHARSET=utf8mb4 COLLATE=utf8mb4_unicode_ci;

-- --------------------------------------------------------

--
-- Table structure for table `forms`
--

CREATE TABLE `forms` (
  `id` int(11) NOT NULL,
  `email` varchar(50) COLLATE utf8mb4_unicode_ci DEFAULT NULL,
  `name` varchar(250) COLLATE utf8mb4_unicode_ci DEFAULT NULL,
  `subject` varchar(250) COLLATE utf8mb4_unicode_ci DEFAULT NULL,
  `message` text COLLATE utf8mb4_unicode_ci,
  `updated_at` int(11) DEFAULT NULL,
  `created_at` int(11) DEFAULT NULL,
  `status` smallint(6) DEFAULT '1',
  `position` int(11) DEFAULT '1'
) ENGINE=InnoDB DEFAULT CHARSET=utf8mb4 COLLATE=utf8mb4_unicode_ci;

--
-- Dumping data for table `forms`
--

INSERT INTO `forms` (`id`, `email`, `name`, `subject`, `message`, `updated_at`, `created_at`, `status`, `position`) VALUES
(5, '', '', '', '', 1571854285, 1571854285, 1, 1),
(6, 'buhrykserhii@gmail.comkhjk', '', '+44994912468', '', 1572286484, 1572286484, 1, 2);

-- --------------------------------------------------------

--
-- Table structure for table `lang`
--

CREATE TABLE `lang` (
  `id` int(11) NOT NULL,
  `url` varchar(255) NOT NULL,
  `local` varchar(255) NOT NULL,
  `name` varchar(255) NOT NULL,
  `default` smallint(6) NOT NULL DEFAULT '0',
  `created_at` int(11) NOT NULL,
  `updated_at` int(11) NOT NULL,
  `status` smallint(6) DEFAULT '1',
  `position` smallint(6) DEFAULT '1'
) ENGINE=InnoDB DEFAULT CHARSET=utf8;

--
-- Dumping data for table `lang`
--

INSERT INTO `lang` (`id`, `url`, `local`, `name`, `default`, `created_at`, `updated_at`, `status`, `position`) VALUES
(1, 'en', 'en-EN', 'En', 0, 1571314942, 1572381789, 0, 1),
(2, 'ru', 'ru-RU', 'Ру', 1, 1571314942, 1572381779, 1, 1),
(3, 'ua', 'ua', 'Укр', 0, 1572027670, 1572381769, 1, 1);

-- --------------------------------------------------------

--
-- Table structure for table `message`
--

CREATE TABLE `message` (
  `id` int(11) NOT NULL,
  `language` varchar(255) COLLATE utf8mb4_unicode_ci NOT NULL,
  `translation` text COLLATE utf8mb4_unicode_ci
) ENGINE=InnoDB DEFAULT CHARSET=utf8mb4 COLLATE=utf8mb4_unicode_ci;

--
-- Dumping data for table `message`
--

INSERT INTO `message` (`id`, `language`, `translation`) VALUES
(1, 'en-EN', NULL),
(1, 'ru-RU', NULL),
(1, 'ua', NULL),
(2, 'en-EN', NULL),
(2, 'ru-RU', NULL),
(2, 'ua', NULL),
(3, 'en-EN', NULL),
(3, 'ru-RU', NULL),
(3, 'ua', NULL),
(4, 'en-EN', NULL),
(4, 'ru-RU', NULL),
(4, 'ua', NULL),
(5, 'en-EN', NULL),
(5, 'ru-RU', NULL),
(5, 'ua', NULL),
(6, 'en-EN', NULL),
(6, 'ru-RU', NULL),
(6, 'ua', NULL),
(7, 'en-EN', NULL),
(7, 'ru-RU', NULL),
(8, 'en-EN', NULL),
(8, 'ru-RU', NULL),
(8, 'ua', NULL),
(9, 'en-EN', NULL),
(9, 'ru-RU', NULL),
(10, 'en-EN', NULL),
(10, 'ru-RU', NULL),
(10, 'ua', NULL),
(11, 'en-EN', NULL),
(11, 'ru-RU', NULL),
(11, 'ua', NULL),
(12, 'en-EN', NULL),
(12, 'ru-RU', NULL),
(13, 'en-EN', NULL),
(13, 'ru-RU', NULL),
(14, 'en-EN', NULL),
(14, 'ru-RU', NULL),
(15, 'en-EN', NULL),
(15, 'ru-RU', NULL),
(16, 'en-EN', NULL),
(16, 'ru-RU', NULL),
(17, 'en-EN', NULL),
(17, 'ru-RU', NULL),
(17, 'ua', NULL),
(18, 'en-EN', NULL),
(18, 'ru-RU', NULL),
(18, 'ua', NULL),
(19, 'en-EN', NULL),
(19, 'ru-RU', NULL),
(19, 'ua', NULL),
(20, 'en-EN', NULL),
(20, 'ru-RU', NULL),
(20, 'ua', NULL),
(21, 'en-EN', NULL),
(21, 'ru-RU', NULL),
(21, 'ua', NULL),
(22, 'en-EN', NULL),
(22, 'ru-RU', NULL),
(23, 'en-EN', NULL),
(23, 'ru-RU', NULL),
(24, 'en-EN', NULL),
(24, 'ru-RU', NULL),
(25, 'en-EN', NULL),
(25, 'ru-RU', NULL),
(26, 'en-EN', NULL),
(26, 'ru-RU', NULL),
(27, 'en-EN', NULL),
(27, 'ru-RU', NULL),
(28, 'en-EN', NULL),
(28, 'ru-RU', NULL),
(29, 'en-EN', NULL),
(29, 'ru-RU', NULL),
(30, 'en-EN', NULL),
(30, 'ru-RU', NULL),
(31, 'en-EN', NULL),
(31, 'ru-RU', NULL),
(32, 'en-EN', NULL),
(32, 'ru-RU', NULL),
(33, 'en-EN', NULL),
(33, 'ru-RU', NULL),
(34, 'en-EN', NULL),
(34, 'ru-RU', NULL),
(35, 'en-EN', NULL),
(35, 'ru-RU', NULL),
(36, 'en-EN', NULL),
(36, 'ru-RU', NULL),
(37, 'en-EN', NULL),
(37, 'ru-RU', NULL),
(37, 'ua', NULL),
(38, 'en-EN', NULL),
(38, 'ru-RU', NULL),
(39, 'en-EN', NULL),
(39, 'ru-RU', NULL),
(39, 'ua', NULL),
(40, 'en-EN', NULL),
(40, 'ru-RU', NULL),
(40, 'ua', NULL),
(41, 'en-EN', NULL),
(41, 'ru-RU', NULL),
(41, 'ua', NULL),
(42, 'en-EN', NULL),
(42, 'ru-RU', NULL),
(42, 'ua', NULL),
(43, 'en-EN', NULL),
(43, 'ru-RU', NULL),
(44, 'en-EN', NULL),
(44, 'ru-RU', NULL),
(45, 'en-EN', NULL),
(45, 'ru-RU', NULL),
(45, 'ua', NULL),
(46, 'en-EN', NULL),
(46, 'ru-RU', NULL),
(46, 'ua', NULL),
(47, 'en-EN', NULL),
(47, 'ru-RU', NULL),
(48, 'en-EN', NULL),
(48, 'ru-RU', NULL),
(48, 'ua', NULL),
(49, 'en-EN', NULL),
(49, 'ru-RU', NULL),
(50, 'en-EN', 'sign up'),
(50, 'ru-RU', 'Записаться'),
(50, 'ua', 'Записатися'),
(51, 'en-EN', NULL),
(51, 'ru-RU', NULL),
(52, 'en-EN', NULL),
(52, 'ru-RU', NULL),
(53, 'en-EN', NULL),
(53, 'ru-RU', NULL),
(54, 'en-EN', NULL),
(54, 'ru-RU', NULL),
(55, 'en-EN', NULL),
(55, 'ru-RU', NULL),
(56, 'en-EN', NULL),
(56, 'ru-RU', NULL),
(57, 'en-EN', NULL),
(57, 'ru-RU', NULL),
(58, 'en-EN', NULL),
(58, 'ru-RU', NULL),
(59, 'en-EN', NULL),
(59, 'ru-RU', NULL),
(60, 'en-EN', NULL),
(60, 'ru-RU', NULL),
(61, 'en-EN', NULL),
(61, 'ru-RU', NULL),
(62, 'en-EN', NULL),
(62, 'ru-RU', NULL),
(63, 'en-EN', NULL),
(63, 'ru-RU', NULL),
(64, 'en-EN', NULL),
(64, 'ru-RU', NULL),
(65, 'en-EN', NULL),
(65, 'ru-RU', NULL),
(66, 'en-EN', NULL),
(66, 'ru-RU', NULL),
(67, 'en-EN', NULL),
(67, 'ru-RU', NULL),
(68, 'en-EN', NULL),
(68, 'ru-RU', NULL),
(69, 'en-EN', NULL),
(69, 'ru-RU', NULL),
(70, 'en-EN', NULL),
(70, 'ru-RU', NULL),
(71, 'en-EN', NULL),
(71, 'ru-RU', NULL),
(72, 'en-EN', NULL),
(72, 'ru-RU', NULL),
(73, 'en-EN', NULL),
(73, 'ru-RU', NULL),
(74, 'en-EN', NULL),
(74, 'ru-RU', NULL),
(75, 'en-EN', NULL),
(75, 'ru-RU', NULL),
(75, 'ua', NULL),
(76, 'en-EN', NULL),
(76, 'ru-RU', NULL),
(77, 'en-EN', NULL),
(77, 'ru-RU', NULL),
(77, 'ua', NULL),
(78, 'en-EN', NULL),
(78, 'ru-RU', NULL),
(78, 'ua', NULL),
(79, 'en-EN', NULL),
(79, 'ru-RU', NULL),
(79, 'ua', NULL),
(80, 'en-EN', NULL),
(80, 'ru-RU', NULL),
(80, 'ua', NULL),
(81, 'en-EN', NULL),
(81, 'ru-RU', NULL),
(81, 'ua', NULL),
(82, 'en-EN', NULL),
(82, 'ru-RU', NULL),
(82, 'ua', NULL),
(83, 'en-EN', NULL),
(83, 'ru-RU', NULL),
(83, 'ua', NULL),
(84, 'en-EN', NULL),
(84, 'ru-RU', NULL),
(84, 'ua', NULL),
(85, 'en-EN', NULL),
(85, 'ru-RU', NULL),
(85, 'ua', NULL),
(86, 'en-EN', NULL),
(86, 'ru-RU', NULL),
(86, 'ua', NULL),
(87, 'en-EN', NULL),
(87, 'ru-RU', NULL),
(87, 'ua', NULL),
(88, 'en-EN', NULL),
(88, 'ru-RU', NULL),
(88, 'ua', NULL),
(89, 'en-EN', NULL),
(89, 'ru-RU', NULL),
(89, 'ua', NULL),
(90, 'en-EN', NULL),
(90, 'ru-RU', NULL),
(90, 'ua', NULL),
(91, 'en-EN', NULL),
(91, 'ru-RU', NULL),
(91, 'ua', NULL),
(92, 'en-EN', NULL),
(92, 'ru-RU', NULL),
(92, 'ua', NULL),
(93, 'en-EN', NULL),
(93, 'ru-RU', NULL),
(93, 'ua', NULL),
(94, 'en-EN', NULL),
(94, 'ru-RU', NULL),
(94, 'ua', NULL),
(95, 'en-EN', NULL),
(95, 'ru-RU', NULL),
(95, 'ua', NULL),
(96, 'en-EN', NULL),
(96, 'ru-RU', NULL),
(96, 'ua', NULL);

-- --------------------------------------------------------

--
-- Table structure for table `migration`
--

CREATE TABLE `migration` (
  `version` varchar(180) COLLATE utf8mb4_unicode_ci NOT NULL,
  `apply_time` int(11) DEFAULT NULL
) ENGINE=InnoDB DEFAULT CHARSET=utf8mb4 COLLATE=utf8mb4_unicode_ci;

--
-- Dumping data for table `migration`
--

INSERT INTO `migration` (`version`, `apply_time`) VALUES
('m000000_000000_base', 1571314939),
('m130524_201442_init', 1571314941),
('m140609_093837_addI18nTables', 1571317275),
('m180405_121632_add_table', 1571314941),
('m180419_161216_add_user', 1571314942),
('m181105_124524_add_position_to_people', 1571314942),
('m181105_174837_add_instagram_to_people', 1571314942),
('m181107_090038_add_lang', 1571314942),
('m181107_100110_add_new_columns_to_lang', 1571314942),
('m181107_133857_create_source_message', 1571314942),
('m181108_142046_delete_table_source_message', 1571314942),
('m181108_154612_create_people_lang', 1571314942),
('m181108_173611_add_description_to_people', 1571314942),
('m181108_174128_add_status_on_the_main_to_people', 1571314942),
('m181109_101956_drop_columns_from_people', 1571314943),
('m181208_122907_add', 1571314943),
('m181208_132617_add_emails_table', 1571314943),
('m181208_153224_add_imagepng_to_people', 1571314943),
('m181208_181122_add_forms_table', 1571314943),
('m191017_114254_add_tables', 1571314943);

-- --------------------------------------------------------

--
-- Table structure for table `page`
--

CREATE TABLE `page` (
  `id` int(11) NOT NULL,
  `position` int(11) DEFAULT NULL,
  `status` smallint(6) DEFAULT '1',
  `created_at` int(11) DEFAULT NULL,
  `updated_at` int(11) DEFAULT NULL,
  `image` varchar(255) COLLATE utf8mb4_unicode_ci DEFAULT NULL,
  `alias` varchar(255) COLLATE utf8mb4_unicode_ci DEFAULT NULL,
  `category_id` int(11) DEFAULT NULL,
  `additional_data` json DEFAULT NULL
) ENGINE=InnoDB DEFAULT CHARSET=utf8mb4 COLLATE=utf8mb4_unicode_ci;

--
-- Dumping data for table `page`
--

INSERT INTO `page` (`id`, `position`, `status`, `created_at`, `updated_at`, `image`, `alias`, `category_id`, `additional_data`) VALUES
(20, 2, 1, 1571322393, 1571336249, '', 'o-metodike', NULL, '\"{\\\"info\\\":{\\\"user\\\":1,\\\"ip\\\":\\\"127.0.0.1\\\"}}\"'),
(21, 1, 1, 1571323049, 1571336249, '', 'kouli', NULL, '\"{\\\"info\\\":{\\\"user\\\":1,\\\"ip\\\":\\\"127.0.0.1\\\"}}\"'),
(22, 3, 1, 1571323431, 1571336249, '', 'tsel-ozdorovitelnogo-proekta', NULL, '\"{\\\"info\\\":{\\\"user\\\":1,\\\"ip\\\":\\\"127.0.0.1\\\"}}\"'),
(23, 4, 1, 1571323629, 1571336249, '', 'chto-eto-dast', NULL, '\"{\\\"info\\\":{\\\"user\\\":1,\\\"ip\\\":\\\"127.0.0.1\\\"}}\"'),
(24, 5, 1, 1571843619, 1572027753, '', 'istoriya-kouli', NULL, '\"{\\\"info\\\":{\\\"user\\\":1,\\\"ip\\\":\\\"127.0.0.1\\\"}}\"'),
(25, 6, 1, 1571844818, 1571844818, '', 'prepodavateli', NULL, '\"{\\\"info\\\":{\\\"user\\\":1,\\\"ip\\\":\\\"127.0.0.1\\\"}}\"'),
(26, 7, 1, 1572019384, 1572019384, '', 'kontakty', NULL, '\"{\\\"info\\\":{\\\"user\\\":1,\\\"ip\\\":\\\"127.0.0.1\\\"}}\"'),
(27, 8, 1, 1572024171, 1572024171, '', 'zapisatsya', NULL, '\"{\\\"info\\\":{\\\"user\\\":1,\\\"ip\\\":\\\"127.0.0.1\\\"}}\"'),
(28, 9, 1, 1572028999, 1572029051, '', 'otzyvy', NULL, '\"{\\\"info\\\":{\\\"user\\\":1,\\\"ip\\\":\\\"127.0.0.1\\\"}}\"');

-- --------------------------------------------------------

--
-- Table structure for table `page_lang`
--

CREATE TABLE `page_lang` (
  `record_id` int(11) NOT NULL,
  `lang_id` int(11) NOT NULL,
  `title` varchar(128) COLLATE utf8mb4_unicode_ci NOT NULL,
  `description` text COLLATE utf8mb4_unicode_ci,
  `text` text COLLATE utf8mb4_unicode_ci NOT NULL
) ENGINE=InnoDB DEFAULT CHARSET=utf8mb4 COLLATE=utf8mb4_unicode_ci;

--
-- Dumping data for table `page_lang`
--

INSERT INTO `page_lang` (`record_id`, `lang_id`, `title`, `description`, `text`) VALUES
(20, 2, 'О МЕТОДИКЕ', '', '<p>\r\n                    <strong>КОУЛИ</strong> не является основой ни одного древнего учения, которым миллионы или тысячи лет. Это совершенно новый вид оздоровительной системы.  Прежде, чем разработать свою легкую версию оздоровительной техники, которая максимально подходила бы практически всем,\r\n                    <a href=\"##\">автору</a> пришлось потрудиться более 20 лет, изучая серьёзные оздоровительные методики и «перелопатить» множество книжек.\r\n                </p>'),
(21, 2, 'КОУЛИ', '', '<p>Авторская комплексная<br>\r\n                    оздоровительная методика Ирины Грибинюк для поддержания себя<br>\r\n                    в отличной форме в любом возрасте</p>'),
(22, 2, 'Цель оздоровительного проекта', '', '<ul>\r\n                <li>Не чувствовать последствия старости;</li>\r\n                <li>Выглядеть моложе своего возраста без хирургического вмешательства и пластических операций;</li>\r\n                <li>Суметь противостоять эмоциональным стрессам и физическим нагрузкам;\r\n                </li>\r\n            </ul>\r\n            <p>\r\n                К сожалению, ученые не изобрели желанный эликсир молодости. А оздоровительные упражнения КОУЛИ не могут бросить вызов старости, но есть одна изюминка, которая позволяет чувствовать моложе своего возраста и не стареть со скоростью пущенной стрелы.\r\n                <br>\r\n                <br>\r\n                Весь ряд упражнений базируется на визуализации световых потоков и регулируемом соотношении вдоха и выдоха.\r\n            </p>'),
(23, 2, 'Что это даст?', '', '<ul>\r\n                <li>Повысит сопротивляемость организма к психологическим и физическим стрессам, а также эмоциональным нагрузкам;</li>\r\n                <li>Улучшит физическое и эмоциональное здоровье;</li>\r\n                <li>Увеличит рабо тоспособность;</li>\r\n            </ul>'),
(24, 1, 'history', '', '<h2>История от создателя</h2>\r\n<p>История любого проекта начинается с истории его создателей. Кто может рассказать или написать лучше, чем сам разработчик проекта? Да-да, вы верно уловили мысль, лишь только тот, кто живет и дышит своими разработками. Поэтому «ловите» дословную историю от Ирины Грибинюк:</p>\r\n<p>«В юношеском возрасте я и представить не могла, что создам свою собственную оздоровительную систему КОУЛИ. Мои мечты сводились к тому, чтобы стать художником и модельером: создавать серию модной одежды и аксессуаров к ней. Одна из моих мечт сбылась. Я работала художником в мастерской, модельером не стала. Зато побыла преподавателем по кройке и шитью в старших классах (мне тогда было 18 лет). Но в свободное время до сих пор шью одежду для себя и близких. Все мы знаем, что иногда жизнь совсем непредсказуема. И моя жизнь не стала тому исключением. Вот мне, 23 года и по врачебной ошибке у меня серьёзное заражение крови, которое могло привести к летальному исходу. Я думала, что вот и пришел мой конец. Позади учеба, работа, друзья и моя маленькая дочь. Никто не верил в чудо. Все специалисты твердили, что мне точно конец. И если бы я сдалась, если бы \"забила\" на себя и сложила ручки, то всё закончилось именно так. Мне поставили диагноз рак крови. Тогда мало кто знал, как лечить рак. И не было шансов на чудо. Но в такие трудные минуты, когда кровь безостановочно кипит словно раскалённая смола внутри тебя, температура не падает ниже 38,5, антибиотики 5-го и 6-го резерва/поколения не помогают, ты практически не спишь и не ешь, то ты пытаешься ухватиться в последние миги жизни за что-то радующее тебя. На тот период мне удалось приобрести 3 книги, которые связывают меня с прошлым, в котором рак крови позади и настоящим, в котором меня знают, как разработчика оздоровительной системы КОУЛИ. Они имеют вот такие названия:</p>\r\n<p><img src=\"/uploads/page/5db06e1dc49d7.jpg\" data-image=\"5db06e1dc49d7.jpg\"><br></p>\r\n<div class=\"row-flex\">\r\n                <div class=\"left\">\r\n                    <img src=\"img/single.jpg\" alt=\"\">\r\n                </div>\r\n                <div class=\"right\">\r\n                    <ul>\r\n                        <li>Гаваа Лувсан. Очерки методов восточной рефлексотерапии</li>\r\n                        <li>Г.П. Малахов. Создание собственной системы оздоровления</li>\r\n                        <li>Жак де Лангр. До-Ин. Искусство омоложения посредством самомассажа и дыхательных упражнений</li>\r\n                    </ul>\r\n                </div>\r\n            </div>\r\n<h2>Вот мне, 27 лет. </h2>\r\n<p>Я победила рак крови. Врачей не виню. И судьбу не казню. С тех пор родилась новая Я. Мне всегда нравилось помогать людям. И после всего пережитого, я всё активнее и активнее начала изучать множество известных и не очень известных оздоровительных методик. Мне очень нравился ЦИ-гун.</p>\r\n<h2>Вот мне, 32 года. </h2>\r\n<p>Я пережила вторые роды, смертельные для жизни. И долго восстанавливалась после них. Я пробовала оздоровительные методики соединять и экспериментировать с ними. Мне ничего не помогало быстро прийти в форму. Одного желания жить и быть здоровым мало, нужно уметь бороться за себя и свое здоровье. И тогда, я твердо решила, что создам нечто новое для таких же, как и я. Что-то такое, что будет простым и легким для новичков. Именно то, что реально поможет тем, кто прошел сквозь тяжелые болезни. Для тех, кто захочет восстановится после тяжелых родов. Для тех, кто хочет просто оздоровить себя. Для тех, кто хочет выглядеть и чувствовать себя моложе своего возраста.</p>\r\n<h2>Вот мне, 55 лет.</h2>\r\n<p>Я горжусь тем, что смогла пройти достойно свое жизненное испытание и так круто повернуть свою жизнь. Взять и изменить ее. Я всё также занимаюсь мануальной терапией, делаю акупунктурные массажи и обучаю своей оздоровительной методике тех, кому это интересно.»\r\n            </p>\r\n<p><strong>Так что, друзья, помните о том, что из любой ситуации есть выход. И любое испытание по силам тому, кто готов принять вызов судьбы.</strong></p>'),
(24, 2, 'История КОУЛИ', '', '<h2>История от создателя</h2>\r\n<p>История любого проекта начинается с истории его создателей. Кто может рассказать или написать лучше, чем сам разработчик проекта? Да-да, вы верно уловили мысль, лишь только тот, кто живет и дышит своими разработками. Поэтому «ловите» дословную историю от Ирины Грибинюк:</p>\r\n<p>«В юношеском возрасте я и представить не могла, что создам свою собственную оздоровительную систему КОУЛИ. Мои мечты сводились к тому, чтобы стать художником и модельером: создавать серию модной одежды и аксессуаров к ней. Одна из моих мечт сбылась. Я работала художником в мастерской, модельером не стала. Зато побыла преподавателем по кройке и шитью в старших классах (мне тогда было 18 лет). Но в свободное время до сих пор шью одежду для себя и близких. Все мы знаем, что иногда жизнь совсем непредсказуема. И моя жизнь не стала тому исключением. Вот мне, 23 года и по врачебной ошибке у меня серьёзное заражение крови, которое могло привести к летальному исходу. Я думала, что вот и пришел мой конец. Позади учеба, работа, друзья и моя маленькая дочь. Никто не верил в чудо. Все специалисты твердили, что мне точно конец. И если бы я сдалась, если бы \"забила\" на себя и сложила ручки, то всё закончилось именно так. Мне поставили диагноз рак крови. Тогда мало кто знал, как лечить рак. И не было шансов на чудо. Но в такие трудные минуты, когда кровь безостановочно кипит словно раскалённая смола внутри тебя, температура не падает ниже 38,5, антибиотики 5-го и 6-го резерва/поколения не помогают, ты практически не спишь и не ешь, то ты пытаешься ухватиться в последние миги жизни за что-то радующее тебя. На тот период мне удалось приобрести 3 книги, которые связывают меня с прошлым, в котором рак крови позади и настоящим, в котором меня знают, как разработчика оздоровительной системы КОУЛИ. Они имеют вот такие названия:</p>\r\n<p><img src=\"/uploads/page/5db06e1dc49d7.jpg\" data-image=\"5db06e1dc49d7.jpg\"><br></p>\r\n<div class=\"row-flex\">\r\n                <div class=\"left\">\r\n                    <img src=\"img/single.jpg\" alt=\"\">\r\n                </div>\r\n                <div class=\"right\">\r\n                    <ul>\r\n                        <li>Гаваа Лувсан. Очерки методов восточной рефлексотерапии</li>\r\n                        <li>Г.П. Малахов. Создание собственной системы оздоровления</li>\r\n                        <li>Жак де Лангр. До-Ин. Искусство омоложения посредством самомассажа и дыхательных упражнений</li>\r\n                    </ul>\r\n                </div>\r\n            </div>\r\n<h2>Вот мне, 27 лет. </h2>\r\n<p>Я победила рак крови. Врачей не виню. И судьбу не казню. С тех пор родилась новая Я. Мне всегда нравилось помогать людям. И после всего пережитого, я всё активнее и активнее начала изучать множество известных и не очень известных оздоровительных методик. Мне очень нравился ЦИ-гун.</p>\r\n<h2>Вот мне, 32 года. </h2>\r\n<p>Я пережила вторые роды, смертельные для жизни. И долго восстанавливалась после них. Я пробовала оздоровительные методики соединять и экспериментировать с ними. Мне ничего не помогало быстро прийти в форму. Одного желания жить и быть здоровым мало, нужно уметь бороться за себя и свое здоровье. И тогда, я твердо решила, что создам нечто новое для таких же, как и я. Что-то такое, что будет простым и легким для новичков. Именно то, что реально поможет тем, кто прошел сквозь тяжелые болезни. Для тех, кто захочет восстановится после тяжелых родов. Для тех, кто хочет просто оздоровить себя. Для тех, кто хочет выглядеть и чувствовать себя моложе своего возраста.</p>\r\n<h2>Вот мне, 55 лет.</h2>\r\n<p>Я горжусь тем, что смогла пройти достойно свое жизненное испытание и так круто повернуть свою жизнь. Взять и изменить ее. Я всё также занимаюсь мануальной терапией, делаю акупунктурные массажи и обучаю своей оздоровительной методике тех, кому это интересно.»\r\n            </p>\r\n<p><strong>Так что, друзья, помните о том, что из любой ситуации есть выход. И любое испытание по силам тому, кто готов принять вызов судьбы.</strong></p>'),
(24, 3, 'укр', '', '<p>апырпрвпрвапр</p>'),
(25, 2, 'Преподаватели', '', '<img src=\"/uploads/page/5db072a2228f0.jpg\" data-image=\"5db072a2228f0.jpg\">\r\n<div class=\"txt\">\r\n                    <h2>Ирина Грибинюк</h2>\r\n                    <p>Ирина Грибинюк – мануальный терапевт с 27-летним стажем и просто женщина, которая разработала комплекс оздоровительных упражнений, благодаря которому никто и не скажет, что ей 55+ </p>\r\n                    <a href=\"##\">Читать историю...</a>\r\n                    <h3>Контактные данные</h3>\r\n                    <a href=\"tel:+380502441657\">+38 (050) 244-16-57</a>\r\n                    <a href=\"tel:+380677095655\">+38 (067) 709-56-55</a>\r\n                    <div class=\"messengers\">\r\n                        <a href=\"##\"><svg width=\"30\" height=\"33\" viewBox=\"0 0 30 33\" fill=\"none\" xmlns=\"http://www.w3.org/2000/svg\"><path d=\"M26.6169 3.21338C25.8322 2.45937 22.6566 0.0555704 15.5762 0.0233479C15.5762 0.0233479 7.22928 -0.498657 3.16395 3.39382C0.902678 5.75251 0.105673 9.21321 0.0191764 13.4988C-0.0673201 17.7844 -0.172352 25.8142 7.24782 27.9925H7.254L7.24782 31.3179C7.24782 31.3179 7.19839 32.6648 8.051 32.9354C9.0766 33.2705 9.68208 32.2459 10.6644 31.1438C11.2019 30.5381 11.9433 29.6487 12.5056 28.9721C17.5842 29.4167 21.4827 28.3985 21.9275 28.2503C22.9531 27.9023 28.7546 27.1289 29.6937 19.0991C30.6699 10.8114 29.2241 5.57851 26.6169 3.21338ZM27.4757 18.4933C26.6787 25.1956 21.977 25.6209 21.112 25.9109C20.7413 26.0334 17.3123 26.9227 13.006 26.6327C13.006 26.6327 9.79329 30.6734 8.7924 31.7239C8.46495 32.0654 8.10661 32.0332 8.11279 31.3565C8.11279 30.9118 8.1375 25.8336 8.1375 25.8336C8.13132 25.8336 8.13132 25.8336 8.1375 25.8336C1.84796 24.0162 2.21866 17.1786 2.28662 13.6019C2.35458 10.0252 3.00331 7.09297 4.91859 5.12095C8.35992 1.86648 15.4465 2.34981 15.4465 2.34981C21.4333 2.37559 24.3 4.25739 24.9673 4.88895C27.1729 6.86096 28.2974 11.5783 27.4757 18.4933ZM18.8878 13.2861C18.9125 13.8404 18.1155 13.879 18.0908 13.3248C18.0228 11.907 17.3865 11.2174 16.0766 11.1401C15.5453 11.1079 15.5947 10.2766 16.1199 10.3088C17.8437 10.4054 18.8013 11.4366 18.8878 13.2861ZM20.142 14.0144C20.2038 11.2819 18.5665 9.14232 15.4588 8.90387C14.9337 8.86521 14.9893 8.03386 15.5144 8.07253C19.0978 8.3432 21.007 10.9146 20.939 14.0337C20.9328 14.5879 20.1296 14.5621 20.142 14.0144ZM23.0458 14.8779C23.052 15.4322 22.2488 15.4386 22.2488 14.8844C22.2117 9.6321 18.8569 6.77074 14.7854 6.73852C14.2602 6.73207 14.2602 5.90718 14.7854 5.90718C19.3388 5.9394 23.0026 9.21965 23.0458 14.8779ZM22.3477 21.2V21.2129C21.6804 22.4373 20.4324 23.7907 19.1473 23.3589L19.1349 23.3396C17.8313 22.9593 14.7607 21.3095 12.8207 19.6984C11.8198 18.8735 10.9054 17.9004 10.2011 16.9659C9.56469 16.1346 8.92215 15.1486 8.29813 13.9628C6.98215 11.4817 6.69177 10.3732 6.69177 10.3732C6.27782 9.03276 7.56909 7.73097 8.74915 7.03497H8.76151C9.32992 6.72563 9.87361 6.82874 10.2381 7.2863C10.2381 7.2863 11.0042 8.24009 11.3317 8.71054C11.6406 9.14876 12.0546 9.85121 12.2708 10.2443C12.6477 10.9468 12.4129 11.6621 12.0422 11.9586L11.3008 12.5772C10.9239 12.893 10.9734 13.4795 10.9734 13.4795C10.9734 13.4795 12.0731 17.8166 16.1817 18.9122C16.1817 18.9122 16.7439 18.9637 17.0466 18.5706L17.6398 17.7973C17.924 17.4106 18.6098 17.1657 19.2832 17.5588C20.1914 18.0937 21.3468 18.9251 22.1129 19.6791C22.5454 20.0464 22.6442 20.6071 22.3477 21.2Z\" fill=\"#414752\"></path>\r\n                            </svg></a>\r\n                        <a href=\"##\"><svg width=\"38\" height=\"33\" viewBox=\"0 0 38 33\" fill=\"none\" xmlns=\"http://www.w3.org/2000/svg\"><path d=\"M37.8917 3.00422L32.1573 31.008C31.7247 32.9844 30.5964 33.4763 28.9932 32.5452L20.2558 25.878L16.0398 30.0769C15.5732 30.56 15.183 30.9641 14.2838 30.9641L14.9116 21.7495L31.1054 6.59692C31.8095 5.9469 30.9527 5.58675 30.0111 6.23677L9.99147 19.29L1.37284 16.4966C-0.501876 15.8905 -0.535808 14.5553 1.76306 13.6242L35.4741 0.175735C37.035 -0.430369 38.4007 0.535883 37.8917 3.00422Z\" fill=\"#414752\"></path>\r\n                            </svg></a>\r\n                        <a href=\"##\"><svg width=\"32\" height=\"33\" viewBox=\"0 0 32 33\" fill=\"none\" xmlns=\"http://www.w3.org/2000/svg\"><path d=\"M27.2071 4.79531C24.2143 1.70156 20.2286 0 15.9929 0C7.25 0 0.135714 7.33661 0.135714 16.3527C0.135714 19.2328 0.864286 22.0467 2.25 24.529L0 33L8.40714 30.7239C10.7214 32.0277 13.3286 32.7127 15.9857 32.7127H15.9929C24.7286 32.7127 32 25.3761 32 16.36C32 11.992 30.2 7.88906 27.2071 4.79531ZM15.9929 29.9578C13.6214 29.9578 11.3 29.3022 9.27857 28.0647L8.8 27.7701L3.81429 29.1181L5.14286 24.1018L4.82857 23.5862C3.50714 21.4205 2.81429 18.9234 2.81429 16.3527C2.81429 8.86138 8.72857 2.76228 16 2.76228C19.5214 2.76228 22.8286 4.17656 25.3143 6.74732C27.8 9.31808 29.3286 12.7286 29.3214 16.36C29.3214 23.8587 23.2571 29.9578 15.9929 29.9578ZM23.2214 19.7779C22.8286 19.5717 20.8786 18.5846 20.5143 18.452C20.15 18.3121 19.8857 18.2458 19.6214 18.6583C19.3571 19.0708 18.6 19.9842 18.3643 20.2641C18.1357 20.5366 17.9 20.5734 17.5071 20.3672C15.1786 19.1665 13.65 18.2237 12.1143 15.5056C11.7071 14.7837 12.5214 14.8353 13.2786 13.2737C13.4071 13.0011 13.3429 12.7654 13.2429 12.5592C13.1429 12.3529 12.35 10.342 12.0214 9.52433C11.7 8.7288 11.3714 8.83929 11.1286 8.82455C10.9 8.80982 10.6357 8.80982 10.3714 8.80982C10.1071 8.80982 9.67857 8.91295 9.31429 9.31808C8.95 9.73058 7.92857 10.7176 7.92857 12.7286C7.92857 14.7395 9.35 16.6842 9.54286 16.9567C9.74286 17.2292 12.3357 21.3542 16.3143 23.1295C18.8286 24.2491 19.8143 24.3449 21.0714 24.1533C21.8357 24.0355 23.4143 23.1663 23.7429 22.2087C24.0714 21.2511 24.0714 20.4335 23.9714 20.2641C23.8786 20.0799 23.6143 19.9768 23.2214 19.7779Z\" fill=\"#414752\"></path></svg>\r\n                        </a>\r\n                    </div>\r\n                    <a href=\"mailto:ira.hribinyak@gmail.com\">ira.hribinyak@gmail.com</a>\r\n                </div>\r\n'),
(26, 2, 'Контакты', '', '<h3>Телефоны и мессенджеры</h3>\r\n                <div class=\"roo\">\r\n                    <div class=\"tels\">\r\n                        <a href=\"tel:+380502441657\">+38 (050) 244-16-57</a>\r\n                        <a href=\"tel:+380677095655\">+38 (067) 709-56-55</a>\r\n                    </div>\r\n                    <div class=\"messengers\">\r\n                        <a href=\"##\"><svg width=\"30\" height=\"33\" viewBox=\"0 0 30 33\" fill=\"none\" xmlns=\"http://www.w3.org/2000/svg\"><path d=\"M26.6169 3.21338C25.8322 2.45937 22.6566 0.0555704 15.5762 0.0233479C15.5762 0.0233479 7.22928 -0.498657 3.16395 3.39382C0.902678 5.75251 0.105673 9.21321 0.0191764 13.4988C-0.0673201 17.7844 -0.172352 25.8142 7.24782 27.9925H7.254L7.24782 31.3179C7.24782 31.3179 7.19839 32.6648 8.051 32.9354C9.0766 33.2705 9.68208 32.2459 10.6644 31.1438C11.2019 30.5381 11.9433 29.6487 12.5056 28.9721C17.5842 29.4167 21.4827 28.3985 21.9275 28.2503C22.9531 27.9023 28.7546 27.1289 29.6937 19.0991C30.6699 10.8114 29.2241 5.57851 26.6169 3.21338ZM27.4757 18.4933C26.6787 25.1956 21.977 25.6209 21.112 25.9109C20.7413 26.0334 17.3123 26.9227 13.006 26.6327C13.006 26.6327 9.79329 30.6734 8.7924 31.7239C8.46495 32.0654 8.10661 32.0332 8.11279 31.3565C8.11279 30.9118 8.1375 25.8336 8.1375 25.8336C8.13132 25.8336 8.13132 25.8336 8.1375 25.8336C1.84796 24.0162 2.21866 17.1786 2.28662 13.6019C2.35458 10.0252 3.00331 7.09297 4.91859 5.12095C8.35992 1.86648 15.4465 2.34981 15.4465 2.34981C21.4333 2.37559 24.3 4.25739 24.9673 4.88895C27.1729 6.86096 28.2974 11.5783 27.4757 18.4933ZM18.8878 13.2861C18.9125 13.8404 18.1155 13.879 18.0908 13.3248C18.0228 11.907 17.3865 11.2174 16.0766 11.1401C15.5453 11.1079 15.5947 10.2766 16.1199 10.3088C17.8437 10.4054 18.8013 11.4366 18.8878 13.2861ZM20.142 14.0144C20.2038 11.2819 18.5665 9.14232 15.4588 8.90387C14.9337 8.86521 14.9893 8.03386 15.5144 8.07253C19.0978 8.3432 21.007 10.9146 20.939 14.0337C20.9328 14.5879 20.1296 14.5621 20.142 14.0144ZM23.0458 14.8779C23.052 15.4322 22.2488 15.4386 22.2488 14.8844C22.2117 9.6321 18.8569 6.77074 14.7854 6.73852C14.2602 6.73207 14.2602 5.90718 14.7854 5.90718C19.3388 5.9394 23.0026 9.21965 23.0458 14.8779ZM22.3477 21.2V21.2129C21.6804 22.4373 20.4324 23.7907 19.1473 23.3589L19.1349 23.3396C17.8313 22.9593 14.7607 21.3095 12.8207 19.6984C11.8198 18.8735 10.9054 17.9004 10.2011 16.9659C9.56469 16.1346 8.92215 15.1486 8.29813 13.9628C6.98215 11.4817 6.69177 10.3732 6.69177 10.3732C6.27782 9.03276 7.56909 7.73097 8.74915 7.03497H8.76151C9.32992 6.72563 9.87361 6.82874 10.2381 7.2863C10.2381 7.2863 11.0042 8.24009 11.3317 8.71054C11.6406 9.14876 12.0546 9.85121 12.2708 10.2443C12.6477 10.9468 12.4129 11.6621 12.0422 11.9586L11.3008 12.5772C10.9239 12.893 10.9734 13.4795 10.9734 13.4795C10.9734 13.4795 12.0731 17.8166 16.1817 18.9122C16.1817 18.9122 16.7439 18.9637 17.0466 18.5706L17.6398 17.7973C17.924 17.4106 18.6098 17.1657 19.2832 17.5588C20.1914 18.0937 21.3468 18.9251 22.1129 19.6791C22.5454 20.0464 22.6442 20.6071 22.3477 21.2Z\" fill=\"#414752\"/>\r\n                            </svg></a>\r\n                        <a href=\"##\"><svg width=\"38\" height=\"33\" viewBox=\"0 0 38 33\" fill=\"none\" xmlns=\"http://www.w3.org/2000/svg\"><path d=\"M37.8917 3.00422L32.1573 31.008C31.7247 32.9844 30.5964 33.4763 28.9932 32.5452L20.2558 25.878L16.0398 30.0769C15.5732 30.56 15.183 30.9641 14.2838 30.9641L14.9116 21.7495L31.1054 6.59692C31.8095 5.9469 30.9527 5.58675 30.0111 6.23677L9.99147 19.29L1.37284 16.4966C-0.501876 15.8905 -0.535808 14.5553 1.76306 13.6242L35.4741 0.175735C37.035 -0.430369 38.4007 0.535883 37.8917 3.00422Z\" fill=\"#414752\"/>\r\n                            </svg></a>\r\n                        <a href=\"##\"><svg width=\"32\" height=\"33\" viewBox=\"0 0 32 33\" fill=\"none\" xmlns=\"http://www.w3.org/2000/svg\"><path d=\"M27.2071 4.79531C24.2143 1.70156 20.2286 0 15.9929 0C7.25 0 0.135714 7.33661 0.135714 16.3527C0.135714 19.2328 0.864286 22.0467 2.25 24.529L0 33L8.40714 30.7239C10.7214 32.0277 13.3286 32.7127 15.9857 32.7127H15.9929C24.7286 32.7127 32 25.3761 32 16.36C32 11.992 30.2 7.88906 27.2071 4.79531ZM15.9929 29.9578C13.6214 29.9578 11.3 29.3022 9.27857 28.0647L8.8 27.7701L3.81429 29.1181L5.14286 24.1018L4.82857 23.5862C3.50714 21.4205 2.81429 18.9234 2.81429 16.3527C2.81429 8.86138 8.72857 2.76228 16 2.76228C19.5214 2.76228 22.8286 4.17656 25.3143 6.74732C27.8 9.31808 29.3286 12.7286 29.3214 16.36C29.3214 23.8587 23.2571 29.9578 15.9929 29.9578ZM23.2214 19.7779C22.8286 19.5717 20.8786 18.5846 20.5143 18.452C20.15 18.3121 19.8857 18.2458 19.6214 18.6583C19.3571 19.0708 18.6 19.9842 18.3643 20.2641C18.1357 20.5366 17.9 20.5734 17.5071 20.3672C15.1786 19.1665 13.65 18.2237 12.1143 15.5056C11.7071 14.7837 12.5214 14.8353 13.2786 13.2737C13.4071 13.0011 13.3429 12.7654 13.2429 12.5592C13.1429 12.3529 12.35 10.342 12.0214 9.52433C11.7 8.7288 11.3714 8.83929 11.1286 8.82455C10.9 8.80982 10.6357 8.80982 10.3714 8.80982C10.1071 8.80982 9.67857 8.91295 9.31429 9.31808C8.95 9.73058 7.92857 10.7176 7.92857 12.7286C7.92857 14.7395 9.35 16.6842 9.54286 16.9567C9.74286 17.2292 12.3357 21.3542 16.3143 23.1295C18.8286 24.2491 19.8143 24.3449 21.0714 24.1533C21.8357 24.0355 23.4143 23.1663 23.7429 22.2087C24.0714 21.2511 24.0714 20.4335 23.9714 20.2641C23.8786 20.0799 23.6143 19.9768 23.2214 19.7779Z\" fill=\"#414752\"/></svg>\r\n                        </a>\r\n                    </div>\r\n                </div>\r\n                <h3>E-mail</h3>\r\n                <a href=\"mailto:ira.hribinyak@gmail.com\">ira.hribinyak@gmail.com</a>\r\n                <h3>Социальные сети</h3>\r\n                <div class=\"socials\">\r\n                    <a href=\"##\">\r\n                        <svg width=\"32\" height=\"33\" viewBox=\"0 0 32 33\" fill=\"none\" xmlns=\"http://www.w3.org/2000/svg\">\r\n                            <path d=\"M16.0036 8.03922C11.4632 8.03922 7.801 11.8167 7.801 16.5C7.801 21.1833 11.4632 24.9608 16.0036 24.9608C20.5439 24.9608 24.2061 21.1833 24.2061 16.5C24.2061 11.8167 20.5439 8.03922 16.0036 8.03922ZM16.0036 22.0006C13.0695 22.0006 10.6708 19.5338 10.6708 16.5C10.6708 13.4662 13.0624 10.9994 16.0036 10.9994C18.9448 10.9994 21.3363 13.4662 21.3363 16.5C21.3363 19.5338 18.9376 22.0006 16.0036 22.0006ZM26.4549 7.69313C26.4549 8.79031 25.5982 9.66657 24.5417 9.66657C23.478 9.66657 22.6284 8.78294 22.6284 7.69313C22.6284 6.60331 23.4851 5.71968 24.5417 5.71968C25.5982 5.71968 26.4549 6.60331 26.4549 7.69313ZM31.8876 9.69603C31.7662 7.05249 31.1808 4.71087 29.3033 2.7816C27.4329 0.852337 25.1627 0.248522 22.5999 0.115977C19.9585 -0.0386589 12.0415 -0.0386589 9.40011 0.115977C6.8444 0.241158 4.57423 0.844974 2.69671 2.77424C0.819186 4.7035 0.240937 7.04513 0.112437 9.68866C-0.0374791 12.4132 -0.0374791 20.5794 0.112437 23.304C0.233798 25.9475 0.819186 28.2891 2.69671 30.2184C4.57423 32.1477 6.83726 32.7515 9.40011 32.884C12.0415 33.0387 19.9585 33.0387 22.5999 32.884C25.1627 32.7588 27.4329 32.155 29.3033 30.2184C31.1737 28.2891 31.7591 25.9475 31.8876 23.304C32.0375 20.5794 32.0375 12.4206 31.8876 9.69603ZM28.4752 26.2273C27.9184 27.6706 26.8404 28.7825 25.434 29.3642C23.3281 30.2258 18.3308 30.0269 16.0036 30.0269C13.6763 30.0269 8.67195 30.2184 6.57312 29.3642C5.1739 28.7899 4.09593 27.678 3.53196 26.2273C2.69671 24.0551 2.88946 18.9005 2.88946 16.5C2.88946 14.0995 2.70385 8.93758 3.53196 6.77268C4.08879 5.32941 5.16676 4.2175 6.57312 3.63578C8.67909 2.77424 13.6763 2.97306 16.0036 2.97306C18.3308 2.97306 23.3352 2.7816 25.434 3.63578C26.8332 4.21014 27.9112 5.32205 28.4752 6.77268C29.3104 8.94494 29.1177 14.0995 29.1177 16.5C29.1177 18.9005 29.3104 24.0624 28.4752 26.2273Z\" fill=\"#414752\"/>\r\n                        </svg>\r\n                    </a>\r\n                    <a href=\"##\">\r\n                        <svg width=\"17\" height=\"33\" viewBox=\"0 0 17 33\" fill=\"none\" xmlns=\"http://www.w3.org/2000/svg\">\r\n                            <path d=\"M15.886 18.5625L16.7675 12.5903H11.2556V8.71471C11.2556 7.08082 12.0256 5.48818 14.4942 5.48818H17V0.403477C17 0.403477 14.7261 0 12.5519 0C8.01273 0 5.04569 2.86043 5.04569 8.03859V12.5903H0V18.5625H5.04569V33H11.2556V18.5625H15.886Z\" fill=\"#414752\"/>\r\n                        </svg>\r\n                    </a>\r\n                </div>'),
(27, 2, 'Записаться', '', '<h3>Также запись возможна по телефону</h3>\r\n                <a href=\"tel:+380502441657\">+38 (050) 244-16-57</a>\r\n                <a href=\"tel:+380677095655\">+38 (067) 709-56-55</a>'),
(28, 2, 'Отзывы', '', '<div class=\"box\">\r\n                <div class=\"top\">\r\n                    <img src=\"/img/rev1.png\" alt=\"\">\r\n                    <p>\r\n                        Лариса<br>\r\n                        Горенко\r\n                    </p>\r\n                </div>\r\n                <p>КОУЛИ - это то, что помогло мне привести себя в форму за месяц-полтора, почувствовать себя женщиной полных сил на новые свершения и достижения, как в профессиональной деятельности, так и в личной сфере жизни.</p>\r\n            </div>\r\n            <div class=\"box\">\r\n                <div class=\"top\">\r\n                    <img src=\"/img/rev2.png\" alt=\"\">\r\n                    <p>\r\n                        Лариса<br>\r\n                        Горенко\r\n                    </p>\r\n                </div>\r\n                <p>Методика \"КОУЛИ\" и связанные с ней упражнения не похожи на йогу, фитнес, пилатес и т.д. Их просто так и не описать, это нужно попробовать, иными словами: \"взять и сделать\".  </p>\r\n            </div>\r\n            <div class=\"box\">\r\n                <div class=\"top\">\r\n                    <img src=\"/img/rev3.png\" alt=\"\">\r\n                    <p>\r\n                        Роман<br>\r\n                        Скоритченко\r\n                    </p>\r\n                </div>\r\n                <p>После испробованных упражнений \"КОУЛИ\" у меня снялось множество напряжений после рабочих будней. Перестали посещать мысли, которые вовсе не в радость. Задышалось легко, просто и со вкусом философского оптизма.</p>\r\n            </div>\r\n            <div class=\"box\">\r\n                <div class=\"top\">\r\n                    <img src=\"/img/rev2.png\" alt=\"\">\r\n                    <p>\r\n                        Алина<br>\r\n                        Сергеевна\r\n                    </p>\r\n                </div>\r\n                <p>Методика \"КОУЛИ\" и связанные с ней упражнения не похожи на йогу, фитнес, пилатес и т.д. Их просто так и не описать, это нужно попробовать, иными словами: \"взять и сделать\".</p>\r\n            </div>');

-- --------------------------------------------------------

--
-- Table structure for table `people`
--

CREATE TABLE `people` (
  `id` int(11) NOT NULL,
  `image` varchar(50) COLLATE utf8mb4_unicode_ci DEFAULT NULL,
  `updated_at` int(11) DEFAULT NULL,
  `created_at` int(11) DEFAULT NULL,
  `status` smallint(6) DEFAULT '1',
  `position` smallint(6) DEFAULT '1',
  `instagram` varchar(200) COLLATE utf8mb4_unicode_ci DEFAULT NULL,
  `status_on_main` smallint(6) DEFAULT '1',
  `alias` varchar(255) COLLATE utf8mb4_unicode_ci DEFAULT NULL,
  `imagepng` varchar(155) COLLATE utf8mb4_unicode_ci DEFAULT NULL
) ENGINE=InnoDB DEFAULT CHARSET=utf8mb4 COLLATE=utf8mb4_unicode_ci;

--
-- Dumping data for table `people`
--

INSERT INTO `people` (`id`, `image`, `updated_at`, `created_at`, `status`, `position`, `instagram`, `status_on_main`, `alias`, `imagepng`) VALUES
(1, '', 1571317330, 1571317309, 1, 1, '', 1, '', '');

-- --------------------------------------------------------

--
-- Table structure for table `people_lang`
--

CREATE TABLE `people_lang` (
  `record_id` int(11) NOT NULL,
  `lang_id` int(11) NOT NULL,
  `name` varchar(255) COLLATE utf8mb4_unicode_ci NOT NULL,
  `description` varchar(555) COLLATE utf8mb4_unicode_ci DEFAULT NULL,
  `text` text COLLATE utf8mb4_unicode_ci NOT NULL
) ENGINE=InnoDB DEFAULT CHARSET=utf8mb4 COLLATE=utf8mb4_unicode_ci;

--
-- Dumping data for table `people_lang`
--

INSERT INTO `people_lang` (`record_id`, `lang_id`, `name`, `description`, `text`) VALUES
(1, 2, 'ццц', 'ццц', '<p>цццц</p>');

-- --------------------------------------------------------

--
-- Table structure for table `review`
--

CREATE TABLE `review` (
  `id` int(11) NOT NULL,
  `author` varchar(255) COLLATE utf8mb4_unicode_ci NOT NULL,
  `image` varchar(255) COLLATE utf8mb4_unicode_ci NOT NULL,
  `created_at` int(11) NOT NULL,
  `updated_at` int(11) NOT NULL,
  `text` text COLLATE utf8mb4_unicode_ci NOT NULL,
  `status` tinyint(4) NOT NULL,
  `position` int(11) NOT NULL
) ENGINE=InnoDB DEFAULT CHARSET=utf8mb4 COLLATE=utf8mb4_unicode_ci;

--
-- Dumping data for table `review`
--

INSERT INTO `review` (`id`, `author`, `image`, `created_at`, `updated_at`, `text`, `status`, `position`) VALUES
(1, 'Алина Сергеевна', '/uploads/common/rev2.png', 1572288115, 1572290312, 'Методика \"КОУЛИ\" и связанные с ней упражнения не похожи на йогу, фитнес, пилатес и т.д. Их просто так и не описать, это нужно попробовать, иными словами: \"взять и сделать\".', 1, 1),
(2, 'Роман Скоритченко', '/uploads/common/rev3.png', 1572288637, 1572290359, 'После испробованных упражнений \"КОУЛИ\" у меня снялось множество напряжений после рабочих будней. Перестали посещать мысли, которые вовсе не в радость. Задышалось легко, просто и со вкусом философского оптизма.', 1, 2),
(3, 'Лариса Горенко', '/uploads/common/rev1.png', 1572290402, 1572290402, 'КОУЛИ - это то, что помогло мне привести себя в форму за месяц-полтора, почувствовать себя женщиной полных сил на новые свершения и достижения, как в профессиональной деятельности, так и в личной сфере жизни.', 1, 3);

-- --------------------------------------------------------

--
-- Table structure for table `setting`
--

CREATE TABLE `setting` (
  `id` int(11) NOT NULL,
  `alias` varchar(255) COLLATE utf8mb4_unicode_ci DEFAULT NULL,
  `description` varchar(255) COLLATE utf8mb4_unicode_ci NOT NULL,
  `value` text COLLATE utf8mb4_unicode_ci,
  `created_at` int(11) DEFAULT NULL,
  `updated_at` int(11) DEFAULT NULL,
  `additional_data` json DEFAULT NULL
) ENGINE=InnoDB DEFAULT CHARSET=utf8mb4 COLLATE=utf8mb4_unicode_ci;

--
-- Dumping data for table `setting`
--

INSERT INTO `setting` (`id`, `alias`, `description`, `value`, `created_at`, `updated_at`, `additional_data`) VALUES
(3, 'phones', '', '050-244-16-57,067-709-56-55', 1571334256, 1571334268, NULL),
(4, 'email', '', 'ira.hribinyak@gmail.com', 1571335037, 1571335037, NULL),
(5, 'viber', '', 'viber', 1571335164, 1571335164, NULL),
(6, 'telegram', '', 'telegram', 1571335182, 1571335182, NULL),
(7, 'WhatsApp', '', 'WhatsApp', 1571335369, 1571335369, NULL),
(8, 'instagram', '', 'instagram', 1571335389, 1571335389, NULL),
(9, 'facebook', '', 'facebook', 1571335412, 1571335412, NULL);

-- --------------------------------------------------------

--
-- Table structure for table `source_message`
--

CREATE TABLE `source_message` (
  `id` int(11) NOT NULL,
  `category` varchar(255) COLLATE utf8mb4_unicode_ci DEFAULT NULL,
  `message` text COLLATE utf8mb4_unicode_ci
) ENGINE=InnoDB DEFAULT CHARSET=utf8mb4 COLLATE=utf8mb4_unicode_ci;

--
-- Dumping data for table `source_message`
--

INSERT INTO `source_message` (`id`, `category`, `message`) VALUES
(1, 'app', 'ID'),
(2, 'app', 'Email'),
(3, 'app', 'Emails'),
(4, 'app', ' Додати'),
(5, 'app', 'Активний'),
(6, 'app', 'Не активний'),
(7, 'app', 'Створити Email'),
(8, 'app', 'Зберегти'),
(9, 'app', 'Name'),
(10, 'app', 'Text'),
(11, 'app', 'Image'),
(12, 'app', 'Peoples'),
(13, 'app', 'Створити People'),
(14, 'app', 'Record ID'),
(15, 'app', 'Lang ID'),
(16, 'app', 'Description'),
(17, 'app', 'Редагувати'),
(18, 'app', 'Видалити'),
(19, 'app', 'Ви впевнені, що хочете видалити цей елемент?'),
(20, 'app', 'Редагувати : {nameAttribute}'),
(21, 'app', 'Коули'),
(22, 'app', 'Blog'),
(23, 'blog', 'Главная страница'),
(24, 'blog', 'Блог'),
(25, 'blog', 'menu blog'),
(26, 'blog', 'дата статьи'),
(27, 'blog', 'блог'),
(28, 'blog', 'автор'),
(29, 'blog', 'категория'),
(30, 'app', 'Contact'),
(31, 'app', 'Contact Form'),
(32, 'app', 'Enter name'),
(33, 'app', 'Enter email'),
(34, 'app', 'Subject'),
(35, 'app', 'Message'),
(36, 'app', 'Submit'),
(37, 'app', 'Forms'),
(38, 'app', 'Форма была успешно отправлена'),
(39, 'app', 'E-mail'),
(40, 'app', 'Имя'),
(41, 'app', 'Телефон'),
(42, 'app', 'Сообщение'),
(43, 'common', 'Відправити'),
(44, 'app', 'Відправити'),
(45, 'app', 'Створити Form'),
(46, 'app', 'Отправить'),
(47, 'app', 'For phone validation country required'),
(48, 'app', 'Unexpected Phone Number Format'),
(49, 'app', 'Phone number does not seem to be a valid phone number'),
(50, 'app', 'Записаться'),
(51, 'app', 'Фото блог'),
(52, 'app', 'Read More'),
(53, 'app', 'Contact Me'),
(54, 'app', 'Get subscriber only insights & news delivered by John Doe'),
(55, 'app', 'Nam liber tempor cum soluta nobis eleifend option congue nihil imperdiet doming<br> id quod mazim placerat facer possim assum. '),
(56, 'app', 'Enter Your Email'),
(57, 'app', 'Subscribe'),
(58, 'app', 'About Us'),
(59, 'app', 'Ut volutpat consectetur aliquam. Curabitur auctor in nis ulum ornare. Metus elit vehicula dui. Curabitur auctor in nis ulum ornare. Sed consequat, augue condimentum fermentum'),
(60, 'app', 'Sed ut perspiciatis unde omnis iste natus error sit voluptatem accusantium doloremque la udantium'),
(61, 'app', 'Recent Post'),
(62, 'app', 'MOST VISITED COUNTRIES'),
(63, 'app', '5 PLACES THAT MAKE A GREAT HOLIDAY'),
(64, 'app', 'PEBBLE TIME STEEL IS ON TRACK TO SHIP IN JULY'),
(65, 'app', 'STARTUP COMPANY’S CO-FOUNDER TALKS ON HIS NEW PRODUCT'),
(66, 'app', 'Where to Find Us'),
(67, 'app', 'AUBERGE LONDON'),
(68, 'app', 'Ut wisi enim'),
(69, 'app', 'Minim veniam 12345'),
(70, 'app', 'Exerci Tation'),
(71, 'app', 'Opening Hours:'),
(72, 'app', 'Mon - Fri: 9:00 - 21:00'),
(73, 'app', 'Sat - Sun: 9:00 - 2:00'),
(74, 'app', 'Copyright @ - Designed by <a href=\"https://www.zerotheme.com\">ZEROTHEME</a>'),
(75, 'app', 'Langs'),
(76, 'app', 'Створити Lang'),
(77, 'app', 'Author'),
(78, 'app', 'Created At'),
(79, 'app', 'Updated At'),
(80, 'app', 'Status'),
(81, 'app', 'Position'),
(82, 'app', 'Reviews'),
(83, 'app', 'Створити Review'),
(84, 'app', 'Автор'),
(85, 'app', 'Изображение'),
(86, 'app', 'Отзывы'),
(87, 'app', 'Редактировать'),
(88, 'app', 'Удалить'),
(89, 'app', 'Вы уверены что хотите удалить этот элемент?'),
(90, 'app', ' Добавить'),
(91, 'app', 'Редактирование : {nameAttribute}'),
(92, 'app', 'Сохранить'),
(93, 'app', 'Создать отзыв'),
(94, 'app', 'Языки'),
(95, 'app', 'Редактировать : {nameAttribute}'),
(96, 'app', 'Вы уверены что хотите удалить?');

-- --------------------------------------------------------

--
-- Table structure for table `user`
--

CREATE TABLE `user` (
  `id` int(11) NOT NULL,
  `username` varchar(255) COLLATE utf8_unicode_ci NOT NULL,
  `auth_key` varchar(32) COLLATE utf8_unicode_ci NOT NULL,
  `password_hash` varchar(255) COLLATE utf8_unicode_ci NOT NULL,
  `password_reset_token` varchar(255) COLLATE utf8_unicode_ci DEFAULT NULL,
  `email` varchar(255) COLLATE utf8_unicode_ci NOT NULL,
  `status` smallint(6) NOT NULL DEFAULT '10',
  `created_at` int(11) NOT NULL,
  `updated_at` int(11) NOT NULL
) ENGINE=InnoDB DEFAULT CHARSET=utf8 COLLATE=utf8_unicode_ci;

--
-- Dumping data for table `user`
--

INSERT INTO `user` (`id`, `username`, `auth_key`, `password_hash`, `password_reset_token`, `email`, `status`, `created_at`, `updated_at`) VALUES
(1, 'admin', '7cy7hMmoX_G6uOV7Npxn-SaWq86fvlld', '$2y$13$Oz5VPhlKF.HDl2VU.8U9../Yy2c7fIOwYt0iwSSgt8spN3YBNUtWi', NULL, 'admin@admin.ru', 10, 1571314942, 1571314942);

-- --------------------------------------------------------

--
-- Table structure for table `widget`
--

CREATE TABLE `widget` (
  `id` int(11) NOT NULL,
  `position` int(11) DEFAULT NULL,
  `status` smallint(6) DEFAULT '1',
  `created_at` int(11) DEFAULT NULL,
  `updated_at` int(11) DEFAULT NULL,
  `key` varchar(255) COLLATE utf8mb4_unicode_ci DEFAULT NULL,
  `title` varchar(255) COLLATE utf8mb4_unicode_ci NOT NULL,
  `additional_data` json DEFAULT NULL
) ENGINE=InnoDB DEFAULT CHARSET=utf8mb4 COLLATE=utf8mb4_unicode_ci;

-- --------------------------------------------------------

--
-- Table structure for table `widget_lang`
--

CREATE TABLE `widget_lang` (
  `record_id` int(11) NOT NULL,
  `lang_id` int(11) NOT NULL,
  `content` text COLLATE utf8mb4_unicode_ci
) ENGINE=InnoDB DEFAULT CHARSET=utf8mb4 COLLATE=utf8mb4_unicode_ci;

--
-- Indexes for dumped tables
--

--
-- Indexes for table `blog_author`
--
ALTER TABLE `blog_author`
  ADD PRIMARY KEY (`id`);

--
-- Indexes for table `blog_author_lang`
--
ALTER TABLE `blog_author_lang`
  ADD PRIMARY KEY (`id`);

--
-- Indexes for table `blog_category`
--
ALTER TABLE `blog_category`
  ADD PRIMARY KEY (`id`);

--
-- Indexes for table `blog_category_lang`
--
ALTER TABLE `blog_category_lang`
  ADD PRIMARY KEY (`id`);

--
-- Indexes for table `blog_item`
--
ALTER TABLE `blog_item`
  ADD PRIMARY KEY (`id`);

--
-- Indexes for table `blog_item_lang`
--
ALTER TABLE `blog_item_lang`
  ADD PRIMARY KEY (`id`);

--
-- Indexes for table `blog_item_like`
--
ALTER TABLE `blog_item_like`
  ADD PRIMARY KEY (`id`);

--
-- Indexes for table `blog_item_ratio`
--
ALTER TABLE `blog_item_ratio`
  ADD PRIMARY KEY (`id`);

--
-- Indexes for table `blog_item_tag`
--
ALTER TABLE `blog_item_tag`
  ADD PRIMARY KEY (`id`);

--
-- Indexes for table `blog_tag`
--
ALTER TABLE `blog_tag`
  ADD PRIMARY KEY (`id`);

--
-- Indexes for table `blog_tag_lang`
--
ALTER TABLE `blog_tag_lang`
  ADD PRIMARY KEY (`id`);

--
-- Indexes for table `emails`
--
ALTER TABLE `emails`
  ADD PRIMARY KEY (`id`);

--
-- Indexes for table `forms`
--
ALTER TABLE `forms`
  ADD PRIMARY KEY (`id`);

--
-- Indexes for table `lang`
--
ALTER TABLE `lang`
  ADD PRIMARY KEY (`id`);

--
-- Indexes for table `message`
--
ALTER TABLE `message`
  ADD PRIMARY KEY (`id`,`language`);

--
-- Indexes for table `migration`
--
ALTER TABLE `migration`
  ADD PRIMARY KEY (`version`);

--
-- Indexes for table `page`
--
ALTER TABLE `page`
  ADD PRIMARY KEY (`id`);

--
-- Indexes for table `page_lang`
--
ALTER TABLE `page_lang`
  ADD PRIMARY KEY (`record_id`,`lang_id`),
  ADD KEY `page-lang-id` (`lang_id`);

--
-- Indexes for table `people`
--
ALTER TABLE `people`
  ADD PRIMARY KEY (`id`);

--
-- Indexes for table `people_lang`
--
ALTER TABLE `people_lang`
  ADD PRIMARY KEY (`record_id`,`lang_id`),
  ADD KEY `people-lang-id` (`lang_id`);

--
-- Indexes for table `review`
--
ALTER TABLE `review`
  ADD PRIMARY KEY (`id`);

--
-- Indexes for table `setting`
--
ALTER TABLE `setting`
  ADD PRIMARY KEY (`id`),
  ADD UNIQUE KEY `key` (`alias`);

--
-- Indexes for table `source_message`
--
ALTER TABLE `source_message`
  ADD PRIMARY KEY (`id`);

--
-- Indexes for table `user`
--
ALTER TABLE `user`
  ADD PRIMARY KEY (`id`),
  ADD UNIQUE KEY `username` (`username`),
  ADD UNIQUE KEY `email` (`email`),
  ADD UNIQUE KEY `password_reset_token` (`password_reset_token`);

--
-- Indexes for table `widget`
--
ALTER TABLE `widget`
  ADD PRIMARY KEY (`id`),
  ADD UNIQUE KEY `key` (`key`);

--
-- Indexes for table `widget_lang`
--
ALTER TABLE `widget_lang`
  ADD PRIMARY KEY (`record_id`,`lang_id`),
  ADD KEY `widget-lang-id` (`lang_id`);

--
-- AUTO_INCREMENT for dumped tables
--

--
-- AUTO_INCREMENT for table `blog_author`
--
ALTER TABLE `blog_author`
  MODIFY `id` int(11) NOT NULL AUTO_INCREMENT, AUTO_INCREMENT=2;

--
-- AUTO_INCREMENT for table `blog_author_lang`
--
ALTER TABLE `blog_author_lang`
  MODIFY `id` int(11) NOT NULL AUTO_INCREMENT, AUTO_INCREMENT=2;

--
-- AUTO_INCREMENT for table `blog_category`
--
ALTER TABLE `blog_category`
  MODIFY `id` int(11) NOT NULL AUTO_INCREMENT, AUTO_INCREMENT=4;

--
-- AUTO_INCREMENT for table `blog_category_lang`
--
ALTER TABLE `blog_category_lang`
  MODIFY `id` int(11) NOT NULL AUTO_INCREMENT, AUTO_INCREMENT=4;

--
-- AUTO_INCREMENT for table `blog_item`
--
ALTER TABLE `blog_item`
  MODIFY `id` int(11) NOT NULL AUTO_INCREMENT, AUTO_INCREMENT=11;

--
-- AUTO_INCREMENT for table `blog_item_lang`
--
ALTER TABLE `blog_item_lang`
  MODIFY `id` int(11) NOT NULL AUTO_INCREMENT, AUTO_INCREMENT=11;

--
-- AUTO_INCREMENT for table `blog_item_like`
--
ALTER TABLE `blog_item_like`
  MODIFY `id` int(11) NOT NULL AUTO_INCREMENT;

--
-- AUTO_INCREMENT for table `blog_item_ratio`
--
ALTER TABLE `blog_item_ratio`
  MODIFY `id` int(11) NOT NULL AUTO_INCREMENT;

--
-- AUTO_INCREMENT for table `blog_item_tag`
--
ALTER TABLE `blog_item_tag`
  MODIFY `id` int(11) NOT NULL AUTO_INCREMENT;

--
-- AUTO_INCREMENT for table `blog_tag`
--
ALTER TABLE `blog_tag`
  MODIFY `id` int(11) NOT NULL AUTO_INCREMENT;

--
-- AUTO_INCREMENT for table `blog_tag_lang`
--
ALTER TABLE `blog_tag_lang`
  MODIFY `id` int(11) NOT NULL AUTO_INCREMENT;

--
-- AUTO_INCREMENT for table `emails`
--
ALTER TABLE `emails`
  MODIFY `id` int(11) NOT NULL AUTO_INCREMENT;

--
-- AUTO_INCREMENT for table `forms`
--
ALTER TABLE `forms`
  MODIFY `id` int(11) NOT NULL AUTO_INCREMENT, AUTO_INCREMENT=7;

--
-- AUTO_INCREMENT for table `lang`
--
ALTER TABLE `lang`
  MODIFY `id` int(11) NOT NULL AUTO_INCREMENT, AUTO_INCREMENT=4;

--
-- AUTO_INCREMENT for table `page`
--
ALTER TABLE `page`
  MODIFY `id` int(11) NOT NULL AUTO_INCREMENT, AUTO_INCREMENT=29;

--
-- AUTO_INCREMENT for table `people`
--
ALTER TABLE `people`
  MODIFY `id` int(11) NOT NULL AUTO_INCREMENT, AUTO_INCREMENT=2;

--
-- AUTO_INCREMENT for table `review`
--
ALTER TABLE `review`
  MODIFY `id` int(11) NOT NULL AUTO_INCREMENT, AUTO_INCREMENT=12;

--
-- AUTO_INCREMENT for table `setting`
--
ALTER TABLE `setting`
  MODIFY `id` int(11) NOT NULL AUTO_INCREMENT, AUTO_INCREMENT=10;

--
-- AUTO_INCREMENT for table `source_message`
--
ALTER TABLE `source_message`
  MODIFY `id` int(11) NOT NULL AUTO_INCREMENT, AUTO_INCREMENT=97;

--
-- AUTO_INCREMENT for table `user`
--
ALTER TABLE `user`
  MODIFY `id` int(11) NOT NULL AUTO_INCREMENT, AUTO_INCREMENT=2;

--
-- AUTO_INCREMENT for table `widget`
--
ALTER TABLE `widget`
  MODIFY `id` int(11) NOT NULL AUTO_INCREMENT;

--
-- Constraints for dumped tables
--

--
-- Constraints for table `message`
--
ALTER TABLE `message`
  ADD CONSTRAINT `fk_source_message_message` FOREIGN KEY (`id`) REFERENCES `source_message` (`id`) ON DELETE CASCADE;

--
-- Constraints for table `page_lang`
--
ALTER TABLE `page_lang`
  ADD CONSTRAINT `page-lang-id` FOREIGN KEY (`lang_id`) REFERENCES `lang` (`id`) ON DELETE CASCADE,
  ADD CONSTRAINT `page-record-id` FOREIGN KEY (`record_id`) REFERENCES `page` (`id`) ON DELETE CASCADE;

--
-- Constraints for table `people_lang`
--
ALTER TABLE `people_lang`
  ADD CONSTRAINT `people-lang-id` FOREIGN KEY (`lang_id`) REFERENCES `lang` (`id`) ON DELETE CASCADE,
  ADD CONSTRAINT `people-record-id` FOREIGN KEY (`record_id`) REFERENCES `people` (`id`) ON DELETE CASCADE;

--
-- Constraints for table `widget_lang`
--
ALTER TABLE `widget_lang`
  ADD CONSTRAINT `widget-lang-id` FOREIGN KEY (`lang_id`) REFERENCES `lang` (`id`) ON DELETE CASCADE,
  ADD CONSTRAINT `widget-record-id` FOREIGN KEY (`record_id`) REFERENCES `widget` (`id`) ON DELETE CASCADE;
COMMIT;

/*!40101 SET CHARACTER_SET_CLIENT=@OLD_CHARACTER_SET_CLIENT */;
/*!40101 SET CHARACTER_SET_RESULTS=@OLD_CHARACTER_SET_RESULTS */;
/*!40101 SET COLLATION_CONNECTION=@OLD_COLLATION_CONNECTION */;
